subreddit,id,timestamp,permalink,tag,title,body,comments,score
NetflixBestOf,t3_1d7kam0,1717461602.0,/r/NetflixBestOf/comments/1d7kam0/request_mini_series_to_watch/,,[REQUEST] Mini Series to Watch,"Hello! I am looking for a new mini series to watch. So far I have seen and loved - Sharp Objects, Chernobyl, Mare of Easttown and Le Chalet. I liked Daisy Jones and the Six, War and Peace, Flatshare, White Princess, Queen Charlotte, and Deca zla. I was indifferent towards Little Fires Everywhere, All the Light we Cannot See, Little Drummer Girl, and WandaVision. I disliked Undoing, Behind Her Eyes, Obssession, and Woods. I am currently watching The Chestnut Man and it is meh. So, I would really appreciate if you had some recommendations for me. ",5,1
NetflixBestOf,t3_1d7dppb,1717444293.0,/r/NetflixBestOf/comments/1d7dppb/request_recs_for_a_series_or_movie_with_intense/,,[REQUEST] Recs for a series or movie with intense and sizzling tension between the male and female lead? ,"Want recs for romance series or a movie where the tension between male and female lead is too hot. Like they want each other but aren‚Äôt together initially due to some reasons , but watching them makes us feel like they should have sex right now 
They must unite gradually also. 

an example- emily in paris ",6,0
NetflixBestOf,t3_1d7ckbz,1717441588.0,/r/NetflixBestOf/comments/1d7ckbz/discussion_x_movie/,,[DISCUSSION] X Movie,"Why did this have decent reviews? I thought it was one of the worst movies I‚Äôve ever seen. Half the movie was just straight up sex scenes, there was very little slashing going on. 

Did any of you actually like this movie?? Lol. I thought it would be slight sex scenes, but not the whole dang movie. ",16,0
NetflixBestOf,t3_1d78b9b,1717431243.0,/r/NetflixBestOf/comments/1d78b9b/discussion_stranger_things/,,[Discussion] Stranger Things,"Hey everyone,

I binge-watched whole 'Stranger Things' from season 1 to season 4, I am eagerly waiting for season 5. What do you guys think, what will happen in season 5?  


And please suggest me another binge worthy series.

Thanks",13,0
NetflixBestOf,t3_1d72ska,1717416385.0,/r/NetflixBestOf/comments/1d72ska/request_recommendations_please/,,[REQUEST] recommendations please:,"good recommendations for genres - true crime and true survival.

Hit a dead end‚Ä¶ feel like there‚Äôs nothing good left to watch..?

Already seen the new ones such as American Nightmare, What Jennifer Did etc‚Ä¶

(Doesn‚Äôt have to be on Netflix only, other platforms included as well):",1,0
NetflixBestOf,t3_1d7009r,1717405336.0,/r/NetflixBestOf/comments/1d7009r/request_mystery_movies_that_dont_show_too_much/,,[REQUEST] mystery movies that don't show too much blood,"bc i'm gonna watch it while eating a bucket of chicken wings to celebrate finals lol

for a reference, i like: ""a weekend away"", ""gone girl"" is good but too much blood, ""shutter island"", ""the strays""",13,9
NetflixBestOf,t3_1d6y1ej,1717396586.0,/r/NetflixBestOf/comments/1d6y1ej/request_bingeable_show_recommendations/,,[REQUEST] BINGEABLE SHOW RECOMMENDATIONS??,"I am bored out of my mind. 

Here's what I like:

I love the sci-fi genre. Some shows that I've watched are three body problem, Westworld, stranger things, severance, dark, etc.

I love mind bending shows in general. I love shows that are visually appealing. I like drama. I also like dystopian shows if done well.


",100,32
NetflixBestOf,t3_1d5l54k,1717242240.0,/r/NetflixBestOf/comments/1d5l54k/discussion_love_is_blind/,,[DISCUSSION] Love is blind,"[DISCUSSION] I'm so annoyed by season 5.. they had 4 solid seeming couples then a couple left, a solid couple which really frustrated tf out of me... but then on top of that, another couple drops out making it 2! There used to be 4 couples getting to the altar at the end.. please tell me this is the only season with 2 couples because it infuriates me (oh yeah it was actually 2 solid seeming couples that dropped out if you include Johnnie)
",4,0
NetflixBestOf,t3_1d5hebg,1717226133.0,/r/NetflixBestOf/comments/1d5hebg/discussion_best_acting_performance_in_reply_1988/,,[DISCUSSION] Best Acting Performance in Reply 1988,"Who gave the best / your favorite acting performance in Reply 1988? 

[View Poll](https://www.reddit.com/poll/1d5hebg)",0,0
NetflixBestOf,t3_1d5h6nn,1717225253.0,/r/NetflixBestOf/comments/1d5h6nn/us_godzilla_minus_one_2023_in_postwar_japan_a/,,"[US] Godzilla Minus One (2023): In postwar Japan, a traumatized former fighter pilot joins the civilian effort to fight off a massive nuclear-enhanced monster attacking their shores.",,35,212
NetflixBestOf,t3_1d58fcn,1717195617.0,/r/NetflixBestOf/comments/1d58fcn/requestlooking_for_tv_shows_suggestions/,,[REQUEST]looking for tv shows suggestions ,"Suggestions please 

I think I need help. For the last year, I‚Äôve spent more time searching for shows than watching them.¬†
Lately, I‚Äôve been bored with Spanish, Turkish, Korean dramas, and anime.¬†
I want to start watching English shows (US TV shows).
But I want particular things I want to see in a show. Help me find a show that fulfills at least some of the conditions.¬†
1) OP MC physically, mentally, or economically
¬†2) The main cast should be attractive both ML and FL.
¬†3) Romance should be there, not necessarily the main plot , and no BL 4) happy ending for the couple 

Tv show suggestions NO MOVIES PLEASE ",9,0
NetflixBestOf,t3_1d57j1l,1717193090.0,/r/NetflixBestOf/comments/1d57j1l/request_looking_for_show_for_my_mom_is_any_show/,,[REQUEST] Looking for Show for my mom is any show from this list good Netflix and None Netflix Shows,"Looking for Show for my mom is any show from this list good ?



    Unbelievable

    Maid

    After Life

    House of Cards

    The Handmaid's Tale

    The Crown

    Big Little Lies

    This Is Us

    Alias Grace

    Behind Her Eyes

    After Life

    Six Feet Under

    The Leftovers

    Mare of Easttown

    Baby Reindeer









She like Drama shows",33,8
NetflixBestOf,t3_1d51z82,1717178601.0,/r/NetflixBestOf/comments/1d51z82/request_big_budget_ensemble_comedies/,,[REQUEST] big budget ensemble comedies,Something like the newer Jumanji.,4,1
NetflixBestOf,t3_1d4z1t9,1717171169.0,/r/NetflixBestOf/comments/1d4z1t9/us_scavengers_reign_2023_the_crew_of_a_damaged/,,[US] Scavengers Reign (2023) - The crew of a damaged deep space freighter are stranded on a beautiful but dangerous planet.,,29,138
NetflixBestOf,t3_1d4yoxm,1717170229.0,/r/NetflixBestOf/comments/1d4yoxm/discussion_best_acting_performance_in_outlander/,,[DISCUSSION] Best Acting Performance in Outlander,"Who gave the best / your favorite acting performance in Outlander? 

[View Poll](https://www.reddit.com/poll/1d4yoxm)",1,3
NetflixBestOf,t3_1d4x8nq,1717166452.0,/r/NetflixBestOf/comments/1d4x8nq/request_a_good_family_comedy_movie_to_laugh/,,[request] a good family comedy movie to laugh!!,,9,7
NetflixBestOf,t3_1d4vcij,1717161304.0,/r/NetflixBestOf/comments/1d4vcij/request_nordic_noir_movies_or_films/,,[REQUEST] Nordic Noir Movies or Films?,Any suggestions for Nordic noir films or shows? In the vein of The Bridge and The Chestnut Man?,5,2
NetflixBestOf,t3_1d4uh9q,1717158701.0,/r/NetflixBestOf/comments/1d4uh9q/request_any_suggestions_for_good_action_movies/,,[REQUEST] any suggestions for good action movies please,,24,8
NetflixBestOf,t3_1d4p028,1717136589.0,/r/NetflixBestOf/comments/1d4p028/request_a_movie_to_get_me_out_of_the_sadness/,,[REQUEST] A movie to get me out of the sadness,I am super down and need a movie to give me a good energy do you have any recommendations in mind,189,101
NetflixBestOf,t3_1d4ogxf,1717134453.0,/r/NetflixBestOf/comments/1d4ogxf/discussion_2_doubts_about_netflixs_the_8_show/,,[DISCUSSION] 2 doubts about Netflix‚Äôs ‚ÄúThe 8 Show‚Äù,"So I recently finished watching Netflix's ""The 8 Show"" and to be honest it was actually quite enjoyable(in a screwed up way).I may have misunderstood/not followed all the dialogues in the show but there were two things I couldn't figure out:-

>!1) How did **Number 8** and **4** get out of their restraints before **number 5** found them? I know they said **number 2** freed them but that seems completely stupid and out of character for **number 2** to do.!<

>!2) How was there a **phone** in **number 1s** room at the end when he wanted to buy a higher floor?Didn't **number 6** destroy all the lower room's floors to prevent them from buying **weapons** when **8,7,6 and 4** took over the first time?!<

>!(When I watched the episode where number **8** and **4** got out, I low key thought number **7** went down the **delivery** system to number **4s** floor,freed her and then freed number **8** following which he went down the delivery system from the **8** th floor back into his room to avoid suspicion but that wasn't the case)!<",8,3
NetflixBestOf,t3_1d4n2ah,1717129212.0,/r/NetflixBestOf/comments/1d4n2ah/request_movies_to_watch_with_mom/,,[REQUEST] Movies to watch with mom,Looking for movies with no nudity/sex. She likes all genres besides romance,16,8
NetflixBestOf,t3_1d4j90h,1717116824.0,/r/NetflixBestOf/comments/1d4j90h/discussion_ashley_and_madison_doc/,,[discussion] Ashley and Madison Doc. ,"The whole thing has made me so angry. 


1. Sam and Nia seem to be obsessed with their online personas and would rather maintain online popularity than act like actual grown ups and protect their children by removing themselves from social media completely. They would rather continue ignoring the elephant in their lives by creating a mask on social media and sorting out their marriage. The environment they are creating for their kids is beyond me.

2.  I respect religion. But using the religion to hide behind the fact that you‚Äôve made mistakes and in some cases, unforgivable things is a mockery to Christianity. They are taking advantage of faith by saying ""yeah I did this but it‚Äôs always okay because God forgives"". Yeah I‚Äôm sure God does but cmon? You are trying to justify the fact that you are allowed to do these terrible things because you trust in god? You are basically saying religion is giving you a license to do bad things instead of contributing to doing good. Sam, you cheated on your wife for years and the only reason you are sorry about any of it is because you thought you would never get caught. I recall Sam saying he never wanted Nia to find out about any of this and was going to take his secrets to the grave. And he would‚Äôve only for the exposure of the online site. Where are your morals? 

3. The Ashley Madison Scandal is insane. However, the documentary was shocking. The whole documentary was based on victimizing the people who actually used the site to cheat and made the hackers out to be the people at fault. The whole message was ""yes these people did these bad things but oh, it was the people who released the data that created the problem"". No. The problem started when these married individuals made the conscious decision to sign up to participate in adultery. The documentary was totally biased in creating an idea that it was okay for these people to do what they did. Where were the wives/husbands whose lives were destroyed from these scandals? The multiple suicides from the exposure? I would‚Äôve liked to have seen more of those topics rather pathetic men pretending to cry on screen over their infidelity and chatting shite about how they‚Äôve ""redeemed"" themselves. 

4. These, primarily men basically refused to communicate effectively with their spouses on their needs and wants (don‚Äôt get me wrong, women were on this site too.. But the documentary was primarily about men and how they used the site). Instead, they just decided they were going to betray them and cheat on them. ""Marriage is hard"", ""you get bored"", ""I couldnt see myself sleeping with the same person for 20-30 years"" ok? surely you would've known this before you got married.. so why did you make a commitment? Have you ever tried talking to your spouse and having discussions over these subjects? You basically chose not to stand by the person you made lifelong commitments too and instead sought the ‚Äúeasiest‚Äù way out. So no you are not the victims of this scandal at all. You‚Äôs all got what you deserved. These people are in so much denial, it‚Äôs frightening. These men were claiming to love their wives but are somehow able to justify cheating all in the same breath. 


Just my thoughts. Everyone is entitled to their own opinion. But this documentary made me absolutely livid. 


",22,31
NetflixBestOf,t3_1d3t8w1,1717035395.0,/r/NetflixBestOf/comments/1d3t8w1/request_spanish_language_show_for_beginning/,,[Request] Spanish language show for beginning learner,I‚Äôd love some recs for series that are interesting and okay for a Spanish learner. I want more language exposure while learning in classes. I enjoy dramas and comedy.,24,9
NetflixBestOf,t3_1d3itpw,1717006353.0,/r/NetflixBestOf/comments/1d3itpw/request_recommendations_for_adventure_fantasy/,,"[REQUEST] Recommendations for adventure, fantasy, sci-fi",,15,9
NetflixBestOf,t3_1d3g0ws,1716999248.0,/r/NetflixBestOf/comments/1d3g0ws/request_any_shows_similar_to_that_of_alice_in/,,[Request] Any shows similar to that of Alice in Borderland,"Watched Alice in Borderland and finished it about a year and few months ago at this point. It's my favourite show and I really liked the action/games part and it actually having memorable characters, you get the point. I watched All of us are dead recently and really liked it too, basically for the same reason. Are there any shows on Netflix similar to these two that are worth a watch?  
Particularly looking for kdramas similar to them, if any exist that are good ---> prefer live action, but animation/anime is fine

(There was a post similar to this sent a while ago, but some of the recommendations I already knew about and don't like)

(EDIT) i have seen squid game, and recently watched 8 show",23,27
NetflixBestOf,t3_1d31nma,1716950026.0,/r/NetflixBestOf/comments/1d31nma/request_recommendations_for_urbanmodern_fantasy/,,[REQUEST] Recommendations for urban/modern fantasy?,I‚Äôve watched the Magicians and love modern magical stories but have a hard time finding ones that are more than just teen drama. Any recommendations?,8,13
NetflixBestOf,t3_1d31hkf,1716949497.0,/r/NetflixBestOf/comments/1d31hkf/discussion_love_is_blind/,,[DISCUSSION] Love is Blind,"I'm so annoyed by season 5...they had 4 solid seeming couples then a couple left, a solid couple which really frustrated tf out of me... but then on top of that, another couple drops out making it 2! There used to be 4 couples getting to the altar at the end.. please tell me this is the only season with 2 couples because it infuriates me (oh yeah it was actually 2 solid seeming couples that dropped out if you include Johnnie)
",8,0
NetflixBestOf,t3_1d2rd1q,1716922816.0,/r/NetflixBestOf/comments/1d2rd1q/request_movie_tv_show_where_two_psychopaths_face/,,[Request] movie/ tv show where two psychopaths face other.,Self explanatory title.,83,33
NetflixBestOf,t3_1d2lhkd,1716908242.0,/r/NetflixBestOf/comments/1d2lhkd/request_comforting_male_characters/,,[REQUEST] Comforting Male Characters,"
Does anyone have any recommendations for movies/tv shows where there is a male character is depicted to be comforting towards FMC who has had past trauma (SA etc.) Preferably romance! Been looking for a comfort male character specific to this for a while. 

I‚Äôm also open to non romance films/series where there is comfort towards trauma depicted (:",19,7
NetflixBestOf,t3_1d2j7sa,1716902137.0,/r/NetflixBestOf/comments/1d2j7sa/discussion_what_detective_style_series_to_watch/,,[Discussion] What detective style series to watch on Netflix?,,74,36
NetflixBestOf,t3_1d2h3ag,1716895376.0,/r/NetflixBestOf/comments/1d2h3ag/request/,,[Request],"Kind folks of neflix users, recommend something that is super interesting to watch and not usually recommended

Genre: crime, thriller, romance, dramas

I am suffering from mild depression and really need to take my mind off.. literally binge watch .. last shows I loved were Gilded Age, Expanse, Game of Thrones, Vikings, Suits, Mrs Maisel, The Night Of, Sex and the city ",31,3
NetflixBestOf,t3_1d2ard4,1716869496.0,/r/NetflixBestOf/comments/1d2ard4/request_movies_like_saving_private_ryan_and_1917/,,[REQUEST] Movies like Saving Private Ryan and 1917 please.,,35,9
NetflixBestOf,t3_1d2a2c2,1716867089.0,/r/NetflixBestOf/comments/1d2a2c2/discussion_are_we_going_to_talk_about_the_future/,,[Discussion] Are we going to talk about the future cult classic that is They Cloned Tyrone?!? ,,13,35
NetflixBestOf,t3_1d1q4bc,1716812053.0,/r/NetflixBestOf/comments/1d1q4bc/request_not_so_popular_80s_or_90s_movies/,,[REQUEST]. Not so popular 80‚Äôs or 90‚Äôs movies ,"Looking for some good not so popular 80‚Äôs and 90‚Äôs movies. Anything but romcom or foreign

Thanks üôèüèª ",64,24
NetflixBestOf,t3_1d1kvc7,1716789983.0,/r/NetflixBestOf/comments/1d1kvc7/request_scifi_recommendations_based_on_my/,,[REQUEST] Scifi recommendations based on my favorites? ,"I really enjoyed The OA, Sense8, Stranger Things, Mortel & Locke & key. So basically scifi with a realistic setting & great social connections relationships. Anyone have any suggestions what I might like? ",44,8
NetflixBestOf,t3_1d1ikk0,1716781189.0,/r/NetflixBestOf/comments/1d1ikk0/request_for_some_action_and_gripping_storyline/,,[REQUEST] for some action and gripping storyline kind of movie,Could you recommend a movie with lots of action and a gripping storyline? Something with intense fight scenes and unexpected plot twists would be perfect!,5,0
NetflixBestOf,t3_1d1fjdy,1716770639.0,/r/NetflixBestOf/comments/1d1fjdy/request_tv_shows_recommendations_with_a_smart/,,[REQUEST] Tv shows recommendations with a smart witty character,"I just finished watching Hannibal. It seems I have a thing for characters who are highly intelligent, witty and complex. It doesn‚Äôt have to have a specific genre, but some of the shows I liked that meet the criterias: House, Fleabag, Sherlock, Hannibal, Lucifer, Gilmore Girls etc. 
Thanks in advance! ",74,17
NetflixBestOf,t3_1d1e3yp,1716766068.0,/r/NetflixBestOf/comments/1d1e3yp/request_looking_for_adventure_shows/,,[REQUEST] looking for Adventure Shows,Looking for some new things to watch during my lunch hour at work. Comment some of your favorite adventure series or movies!,17,2
NetflixBestOf,t3_1d1czzh,1716762695.0,/r/NetflixBestOf/comments/1d1czzh/request_just_got_my_first_netflix_account_what/,,[REQUEST] just got my first netflix account what should I start with :) ,"Just recommend ur best serie that you watched  on the platform so far 

Any recommendations would be appreciated 
Thanks ",208,43
NetflixBestOf,t3_1d19bh9,1716752386.0,/r/NetflixBestOf/comments/1d19bh9/discussion_recommendations_for_bingeable_series/,,"[Discussion] Recommendations for bingeable series and movies. I like sci-fi, horror, crime and anything superhero related.",,69,8
NetflixBestOf,t3_1d18k4w,1716750294.0,/r/NetflixBestOf/comments/1d18k4w/request_are_there_any_shows_like/,,[Request] Are there any shows like...?,Please recommend shows or films similar to 'Scenes from a marriage' and 'Fleishman Is in Trouble'?,3,0
NetflixBestOf,t3_1d16pf3,1716745295.0,/r/NetflixBestOf/comments/1d16pf3/request_series_suggestions/,,[REQUEST] series suggestions ,Something with a female gangster or like a psychopath something who is killin it and is not letting some shitty man make her life miserable ,15,3
NetflixBestOf,t3_1d16mpb,1716745089.0,/r/NetflixBestOf/comments/1d16mpb/request_the_best_miniseries/,,[Request] The Best Miniseries,"Which miniseries are your favorites? put the genre aside please
",49,20
NetflixBestOf,t3_1d15tb0,1716742854.0,/r/NetflixBestOf/comments/1d15tb0/request/,,[Request],"Something like The Gilded Age, Crown that is on Netflix or Prime .. all suggestions welcome",5,0
NetflixBestOf,t3_1d0zdbr,1716723117.0,/r/NetflixBestOf/comments/1d0zdbr/request_a_show_similar_to_the_blacklist/,,[REQUEST] A show similar to THE BLACKLIST,"I love ""The Blacklist"" for its gripping plot, FBI and world terrorism themes, and the charisma and control of Raymond Reddington. Can anyone recommend a similar show with intense storytelling and complex characters?",25,16
NetflixBestOf,t3_1d0vkbu,1716706157.0,/r/NetflixBestOf/comments/1d0vkbu/discussion_the_hauntings_of_hill_house/,,[discussion] the hauntings of hill house ,"Hi, I have watched almost 4 episodes of the haunting of hill house and so far I feel like it is very slow moving and not very scary. I just wanted to know if it picks up from here as I am losing motivation to keep watching it. The timeline keeps jumping around and is a bit confusing and I just feel like their hasn‚Äôt really been any scary moments really ",33,4
NetflixBestOf,t3_1d0p4ar,1716681933.0,/r/NetflixBestOf/comments/1d0p4ar/discussion_something_like_fifty_shades/,,[DISCUSSION] Something like *Fifty Shades*,"Any recommendations for movies or series similar to *Fifty Shades*?

By the way, I love Dakota Johnson ü•µ. Who else loves her?",19,0
NetflixBestOf,t3_1d0m8vc,1716673156.0,/r/NetflixBestOf/comments/1d0m8vc/request_drama_shows_that_are_completely_out_of/,,[request] Drama shows that are completely out of the ordinary ,In an attempt to be more open minded give me a show that is completely out there but binge worthy as hell. The more weird the better ,41,15
NetflixBestOf,t3_1d0h9ad,1716658867.0,/r/NetflixBestOf/comments/1d0h9ad/request_something_like_a_man_in_full/,,[Request] Something like A Man in Full?,,2,12
NetflixBestOf,t3_1d0ex9x,1716652210.0,/r/NetflixBestOf/comments/1d0ex9x/request_sitcoms_like_the_big_bang_theory/,,[request] sitcoms like The Big Bang Theory?,,20,0
NetflixBestOf,t3_1d00xnr,1716600974.0,/r/NetflixBestOf/comments/1d00xnr/request_something_like_baby_reeinder/,,"[REQUEST] Something like ""Baby Reeinder""? ",I just watched baby reeinder all at once and I JUST LOVE IT SO MUCH. Do you guys have any recomendations of TV shows or even movies with this vibe?,25,6
NetflixBestOf,t3_1czfkt3,1716537659.0,/r/NetflixBestOf/comments/1czfkt3/request_series_suggestion/,,[Request] Series Suggestion ,"please suggest me Series like Chilling Adventures of Sabrina, Locke and Key",10,2
NetflixBestOf,t3_1czcp40,1716525829.0,/r/NetflixBestOf/comments/1czcp40/request_a_show_that_is_actually_binge_worthy/,,[REQUEST] A show that is actually binge worthy ,"Here are a few of the most recent series that I watched the first episode and had immediately watched the next until I finished it (some not on Netflix)

Fallout



Shogun



The Gentleman



You



Breaking Bad



Witcher S1/S2



Kingdom



Queens Gambit



Blue Eyed Samurai



Alice In Borderland

Shows that I stopped watching within the first few episodes (some not on Netflix)

Midnight Mass



Black Summer



The Expanse



Altered Carbon



The Fall of House Usher



Baby Reindeer 

",224,35
NetflixBestOf,t3_1cz5774,1716502194.0,/r/NetflixBestOf/comments/1cz5774/discussion_tires/,,[DISCUSSION] Tires,"Anyone else finished it? I really, really enjoyed it. Shame there was only six episodes that were all short as fuck, but it was really good. Shane Gillis just makes me fucking giggle though and Steve Gerben who plays Will is really good. 

What did everyone think of it? For two hours worth of content, it was really enjoyable. I definitely think it‚Äôs not for everyone and you have to like Shane Gillis‚Äô type of humour anyway, but I really enjoyed it.",194,155
NetflixBestOf,t3_1cz4dyo,1716500089.0,/r/NetflixBestOf/comments/1cz4dyo/request_thrillercrime/,,[REQUEST] Thriller/Crime,What is the best crime and/or thriller on Netflix right now?,5,2
NetflixBestOf,t3_1cz467a,1716499533.0,/r/NetflixBestOf/comments/1cz467a/request_what_should_i_binge_next_from_this_list/,,[REQUEST] What should i binge next from this list Netflix and None Netflix Shows,"Fallout

See

The last ship

The Handmaid's Tale

The 100

Black knight

The last man on earth

Silo

12 monkeys

Colony

Black Summer

The Tattooist of Auschwitz

Dark Matter

Sh√¥gun

3 Body Problem

Masters of the Air

Baby Reindeer

Dark Matter

Bodkin

Sugar

Ripley

Baby Reindeer

Under the Bridge",60,19
NetflixBestOf,t3_1cz2bgf,1716494854.0,/r/NetflixBestOf/comments/1cz2bgf/discussion_the_8_show/,,[Discussion] the 8 show,Just finished watching the 8 show and for the first time in a long time I feel so numb like I felt all that happened in the show and I just feel like I‚Äôve to sit with this story for a month and let it all sink in. What was the experience like for others?,51,42
NetflixBestOf,t3_1cywluj,1716480691.0,/r/NetflixBestOf/comments/1cywluj/request_movies_on_netflix_similar_to_the_glory/,,[REQUEST] Movies on Netflix similar to ‚ÄúThe Glory‚Äù ,"Im currently rewatching the glory on Netflix and I would love to know if anyone knows of any shows like it. It‚Äôs a classic Korean slow burn revenge. A girl who was tormented in her childhood by classmates plans her revenge to ruin their lives as they‚Äôre now all successful. I don‚Äôt care what language it‚Äôs in or what country it‚Äôs from. I also loved Girl From Nowhere which is from I believe Thailand, however I like the fact that the glory follows one storyline where girl from nowhere follows a new story each episode. Just for other recommends I also have hulu, Disney+, max, prime, tubi, Apple TV+, paramount+, and discovery+.",15,17
NetflixBestOf,t3_1cyjwe4,1716437172.0,/r/NetflixBestOf/comments/1cyjwe4/request_romantic_moviesseries_with_historical/,,[REQUEST] Romantic movies/series with historical senario on Netflix?,Hi there! Just done 4 first episodes of Bridgerton season 3. I‚Äôm falling in love with every romantic scene in this series and looking for some other movies / series that have the same concept to Bridgerton. I have the 2-month summer to just Netflix and popcorn. Any recommendations? Tyall,48,23
NetflixBestOf,t3_1cyff41,1716422958.0,/r/NetflixBestOf/comments/1cyff41/request_kdrama_romance_please/,,[REQUEST] K-drama Romance please,"I'd like to know which is the best K-drama romance with no Love triangles or excessive drama. I want a pure wholesome romance with a happy ending. If this is possible, please reply. Thanks,",16,4
NetflixBestOf,t3_1cy3wjv,1716393847.0,/r/NetflixBestOf/comments/1cy3wjv/request_netflix_title_i_cant_remember/,,[Request] Netflix title I can‚Äôt remember,"Saw the first episode of a supernatural TV series or movie on netflix a few years back. At the start there was a man(a detective?) knocking on the house of a woman. All seems normal till the man leaves and the lady shuts the door. She gets on all fours and runs up the stairs and howls like a dog. That‚Äôs all i remember.

Does anybody know the title of this show or movie? ",8,3
NetflixBestOf,t3_1cxy20n,1716377736.0,/r/NetflixBestOf/comments/1cxy20n/request_scariest_horror/,,[REQUEST] Scariest horror movies/series/shows/animations on Netflix?,"Hi! So I'm looking for some ""you'r gonna get nightmares"" horror stuff on Netflix. My GF and I subscribed and while she has a lot of series/movies for herself(drama and romance) - I, a big fan of horror, can't really find anything for me. I need something trully horrifying and not just drama that covers itself with ""horror"" description.  
So.. No thrillers, criminals and something ""real"". I need some ghosts, demons, monsters etc.",109,74
NetflixBestOf,t3_1cxwn4c,1716372353.0,/r/NetflixBestOf/comments/1cxwn4c/request_what_is_the_best_thrillermystery_you_have/,,[Request] What is the best thriller/mystery you have seen?,,39,11
NetflixBestOf,t3_1cxwe0k,1716371355.0,/r/NetflixBestOf/comments/1cxwe0k/request_any_series_like_narcos_the_diplomat/,,"[REQUEST] Any Series like Narcos, The diplomat, Bodyguard, The Night Agent, The Recruit Where there is conflict between two countries with similar concept.",Title,6,1
NetflixBestOf,t3_1cxsz01,1716356595.0,/r/NetflixBestOf/comments/1cxsz01/request_what_is_your_best_movie_that_revolves_on/,,[REQUEST] What is your best movie that revolves on dogs (or any animal)? Reco please.,"I watched some pretty heartwarming movies about dogs and fell in love (The Call of the Wild, A Dog's Purpose, etc.) . I would like the plot to be more on the positive side (still miserable after watching Hachi). Thanks!",60,0
NetflixBestOf,t3_1cxfs27,1716318083.0,/r/NetflixBestOf/comments/1cxfs27/request_some_feel_good_netflix_shows_with_good/,,[REQUEST] some feel good netflix shows with good romance that hooks from episode one,,25,3
NetflixBestOf,t3_1cx6eoc,1716293640.0,/r/NetflixBestOf/comments/1cx6eoc/request_what_movies_on_netflix_made_you_cry_your/,,[Request] what movies on Netflix made you cry your eyes out ?,,60,12
NetflixBestOf,t3_1cx5x2m,1716292083.0,/r/NetflixBestOf/comments/1cx5x2m/request_shows_similar_to_bridgerton_on_netflix/,,[Request] shows similar to bridgerton on netflix,,7,4
NetflixBestOf,t3_1cx4wo4,1716288468.0,/r/NetflixBestOf/comments/1cx4wo4/request_are_there_any_similar_shows_like_blue/,,[Request] Are there any Similar shows like Blue Eyed Samurai?,I loved the Blue Eyed Samurai. Are there any similar shows?,40,25
NetflixBestOf,t3_1cwplaf,1716237018.0,/r/NetflixBestOf/comments/1cwplaf/discussion_i_just_watched_marcos_and_just_wanna/,,[Discussion] I just Watched Marcos and just wanna ask how close the show was with actual events and every small or big detail from looks to all the judgments presidents and police took. also about death counts.,,8,0
NetflixBestOf,t3_1cwh8fu,1716216119.0,/r/NetflixBestOf/comments/1cwh8fu/request_what_is_the_best_thriller_you_have_seen/,,[Request] What is the best thriller you have seen?,"New to Netflix, so I am curious about what is the best thriller movie/series you can recommend me on Netflix",103,54
NetflixBestOf,t3_1cw9nte,1716189728.0,/r/NetflixBestOf/comments/1cw9nte/request_recommend_korean_movies_any_genre/,,"[REQUEST] Recommend Korean Movies, any genre","Hi! Just watched the thriller K Movie 'Unlocked', anyone seen that? and it's awesome! Now, I am considering watching Korean movies more now üòäü§≠ Any recos?",66,20
NetflixBestOf,t3_1cw62y1,1716175751.0,/r/NetflixBestOf/comments/1cw62y1/request_shows_that_have_a_really_good_romance/,,[REQUEST] Shows that have a really good romance sub-plot,"Can anyone recommend a good show that has really good romance without it being the center of the show? Things like The Vampire Diaries (not really sub-plot but shows like this are great) The Outer Banks, The Gilmore Girls, etc. ",17,9
NetflixBestOf,t3_1cvyx48,1716154181.0,/r/NetflixBestOf/comments/1cvyx48/request_series_heartfelt_comedy_or_anything_binge/,,[Request] Series heartfelt comedy or anything binge worthy ,,8,2
NetflixBestOf,t3_1cvy0if,1716151784.0,/r/NetflixBestOf/comments/1cvy0if/discussion_for_those_looking_for_a_great/,,"[Discussion] for those looking for a great under-the-radar science fiction movie, check out Time Trap.","Without giving away too many details, it explores time distortion, survival, and the unknown, combining elements of mystery and action to keep you engaged.

Will the very beginning make you question whether it's worth your time? Yes    
Could a bigger budget and better SFX have improved it? Quite possible.

That said, it's has a great premise and you will end up watching it to the end and continue to think about it for hours afterwards.",20,42
NetflixBestOf,t3_1cvw8v6,1716147063.0,/r/NetflixBestOf/comments/1cvw8v6/request_shows_like_malcom_in_the_midddle/,,[REQUEST] Shows like MALCOM IN THE MIDDDLE ,"I don't watch comedy shows much but **malcom in the middel** was perfect from it's humour to character development. I totally loved the show. But I cannot find my next comedy watch can you guys help me. Please!

# Don't recommend me:

* Brooklyn 99
* Big bang thoery
* friends 

...  
or show like them",32,1
NetflixBestOf,t3_1cvvive,1716145156.0,/r/NetflixBestOf/comments/1cvvive/request_any_series_or_movie_related_to_foodfood/,,[REQUEST] Any Series or movie related to food/food making/restaurant business,I was watching Hunger and it was just so freaking goooooood. need recommendation. ,36,4
NetflixBestOf,t3_1cvrap7,1716133709.0,/r/NetflixBestOf/comments/1cvrap7/discussion_just_finished_watching_the_8_show_and/,,[Discussion] Just finished watching 'The 8 show' and felt a bit dissapointed,"The show had potential but went completely off the rails in the last 2-3 episodes. It had glaring plotholes, like not just buying items from the courtyard to leave instead of waiting and locking people in, we never got to know who the show was for and I found the psychological torture scenes quite disturbing. It felt like the show took itself wayyyy too seriously and wanted to push a Lord of the flies-esque 'humans suck' narrative when in reality humans in such situations tend to collaborate lol like the [real-life Lord of the flies](https://www.theguardian.com/books/2020/may/09/the-real-lord-of-the-flies-what-happened-when-six-boys-were-shipwrecked-for-15-months). 

Ofc this was different bc they needed to create drama and conflict to stay longer but it felt like the show was giving  "" Look how far desperate humans will fall"" and kinda of failed bc of far they went",292,134
NetflixBestOf,t3_1cvlm84,1716116125.0,/r/NetflixBestOf/comments/1cvlm84/request_hidden_gems_recommendations/,,[REQUEST] Hidden Gems recommendations,"Please recommend some hidden gems on Netflix 

For example I really liked 

Bodyguard 
Seven seconds 
Unbelievable 
Quicksand
La Mante
The Spy
Very British scandal
Caliphate 
",11,0
NetflixBestOf,t3_1cvj8n5,1716105739.0,/r/NetflixBestOf/comments/1cvj8n5/request_suggest_some_good_series_based_on_my/,,[REQUEST] SUGGEST SOME GOOD SERIES BASED ON MY WATCH HISTORY ,"I just finished Uni and have some free time on my hands. I‚Äôm gonna list some shows that I watched and liked so you can recommend similar shows! (thanks in advance). My list: Dark, The Mentalist, Wednesday, Breaking Bad, Glitch, Yellow Jackets, Ozark, The Gentleman And I‚Äôm currently watching Bodkin. I don‚Äôt have Hulu or Apple+ but you can recommend shows that are on Netflix, Amazon Prime or Disney plus. I usually just stop after two episodes if they‚Äôre boring, so yeah. (Side question, does using a VPN on Netflix ACTUALLY change your content? It doesn‚Äôt work for me. )",13,0
NetflixBestOf,t3_1cvhhjg,1716098679.0,/r/NetflixBestOf/comments/1cvhhjg/discussion_under_the_dome/,,[Discussion] Under The Dome,"
I just finished season 3 and what the hell did I just watched? I feel like i watched a completely different show. Its like the director or producer forget how they would do the plot twist or the ending so they wrote a completely different one. But some are actually a good watch I was just hoping for it to be a consistently good show but it didn't but its fine. It's weird that I enjoyed it lol.

Is there any much better show like this one scifi and survival?",22,16
NetflixBestOf,t3_1cvgf0n,1716094538.0,/r/NetflixBestOf/comments/1cvgf0n/discussion_a_case_of_the_mondays/,,[DISCUSSION] A case of the Monday's,,0,0
NetflixBestOf,t3_1cveuyc,1716089081.0,/r/NetflixBestOf/comments/1cveuyc/request_recommend_some_thriller_shows/,,[REQUEST] Recommend some thriller shows.,,13,4
NetflixBestOf,t3_1cvd7ol,1716083692.0,/r/NetflixBestOf/comments/1cvd7ol/request_fast_paced_actionadventure_or_scifi_movies/,,[REQUEST] Fast paced action/adventure or sci-fi movies?,"Preferably minimal romance. Some I‚Äôve watched and liked were:

-Across the Spiderverse

-The Hunger Games (I know this one is dystopian)

-Interstellar

-Ready Player One

-Scott Pilgrim vs the World

Thanks in advance!",27,15
NetflixBestOf,t3_1cumk99,1715997988.0,/r/NetflixBestOf/comments/1cumk99/request_i_have_a_fever_and_i_will_surely_take/,,[request] I have a fever and I will surely take care of myself this weekend at home. Do you recommend series or movies to marathon?,,28,13
NetflixBestOf,t3_1cud6n8,1715972161.0,/r/NetflixBestOf/comments/1cud6n8/request_a_time_travel_based_showmovie_when/,,[REQUEST] A Time Travel based show/movie when someone with the Knowledge gets teleported to the past.,"I am looking for shows like Mr. Queen, Nobunaga Concerto, etc where the character gets time travelled to past and they use some of their knowledge. ",19,4
NetflixBestOf,t3_1cu19h8,1715939219.0,/r/NetflixBestOf/comments/1cu19h8/discussion_please_share_the_top_three_movies_you/,,[DISCUSSION] Please share the top three movies you have watched recentlyÔºåthanks!!,"Netflix seems to have recently added a show called ""The New Life"", has anyone seen it? how? I'm a little curious",24,7
NetflixBestOf,t3_1ctzsz0,1715932728.0,/r/NetflixBestOf/comments/1ctzsz0/discussion_any_guilty_pleasures_within_netflix/,,[DISCUSSION] Any guilty pleasures within Netflix?,Mine has been The Circle üòÖ It's kind of trashy but it hits the spot for those moments when I need to relax. ,141,60
NetflixBestOf,t3_1ctyd1w,1715926552.0,/r/NetflixBestOf/comments/1ctyd1w/discussion_what_are_you_all_watching_latelyit/,,[DISCUSSION] What are you all watching lately(it doesn‚Äôt have to be on netflix)? I can‚Äôt seem to find any shows that will keep me hooked until the very end!!,,194,40
NetflixBestOf,t3_1cttyty,1715911017.0,/r/NetflixBestOf/comments/1cttyty/request_shows_like_the_first_two_seasons_of_van/,,[Request] Shows like the first two seasons of Van Helsing,"Loved the first two seasons and even parts of the latter ones. Googled this and the suggestion was Warrior Nun which isn‚Äôt quite doing it for me. I have Netflix, prime, Disney and HBO at my disposal. Supernatural isn‚Äôt necessary, but definitely a plus. Any suggestions?",5,4
NetflixBestOf,t3_1ctqno3,1715900914.0,/r/NetflixBestOf/comments/1ctqno3/request_who_deosnt_love_thrillers_can_you_tell/,,[REQUEST] who deosnt love thrillers! can you tell nice Thriller-horrors OR movie like Insidious!,,11,0
NetflixBestOf,t3_1cto6u1,1715894223.0,/r/NetflixBestOf/comments/1cto6u1/request_can_yall_recommend_me_what_you_think_is/,,[REQUEST] Can y‚Äôall recommend me what you think is the best documentary on Netflix currently?, Bored and looking to watch a really good documentary. I love a good suspenseful thriller documentary but I‚Äôm open to anything. ,325,304
NetflixBestOf,t3_1ctj80w,1715882399.0,/r/NetflixBestOf/comments/1ctj80w/request_a_show_to_watch_based_on_the_things_i/,,[REQUEST] A show to watch based on the things I watched and really liked:,"Breaking Bad, Better call saul, Suits, Prison break, Lost, Dexter, Burn notice, narcos, the wire just to name a few. I am looking for a show in a similar genre and only one long storyline (not every episode a new ,for example, case or something).
Thanks 

((Not quiet) everything i watched: Breaking Bad, Better call saul, Prison break, dexter, lost, suits, burn notice, the walking dead, Orange is the new black, the office, peaky blinders, the wire, you, stranger things, blacklist, monk, outer banks, 13 reasons why, narcos, narcos mexico, riverdale, la casa de papel, rick and morty, sex education, ginny and georgia, big mouth, simpsons, how i met your mother, friends, the big bang theory, bosch, gossip girl, insatiable, elite, shameless, santa clarita diet, trailer park boys, cobra kai, wednesday, disjointed, midnight gospel, lupin, queensgambit, alice in boderlands, squidgame, castle, young sheldon, star wars the clone wars, gotham, star trek voyager, modern family, family guy, the mandalorian, boba fett, loki, bad batch, andor, ahsoka, malcom in the middle, obi wan kenobi)
",53,20
NetflixBestOf,t3_1cstkd7,1715801551.0,/r/NetflixBestOf/comments/1cstkd7/discussion_ashley_madison_documentary/,,[Discussion] Ashley Madison Documentary ,"It‚Äôs a pretty good 3 part show. I guess it would be hard to present this unpleasant material in any other way. It was pretty straightforward. They focused on the one couple too much, but they were probably THE only couple to discuss it. I‚Äôll leave my personal opinions out of it. I‚Äôd rate it a 7/10. ",308,78
NetflixBestOf,t3_1csnn0x,1715786966.0,/r/NetflixBestOf/comments/1csnn0x/us_resident_alien_2021_an_alien_crash_lands_on/,,[US] resident alien (2021): An alien crash lands on earth with a secret mission to destroy humanity. Starring Alan Tudyk,,37,147
NetflixBestOf,t3_1csc6lt,1715746655.0,/r/NetflixBestOf/comments/1csc6lt/request_need_help_getting_through_a_17hour_flying/,,[REQUEST] need help getting through a 17hour flying day,"What tv/film series have y‚Äôall binged entirely on a long flight? Also interested in anecdotes on how to get through long flights. Fan of the usual shows and some other thriller/action/suspense types‚Ä¶ breaking bad, better call Saul, true detective, sopranos, ozark, daredevil, mindhunter, the boys, reacher, silo, fallout, band of brothers, and the list goes on.",45,18
NetflixBestOf,t3_1csa4fi,1715739957.0,/r/NetflixBestOf/comments/1csa4fi/request_remind_me/,,[REQUEST] remind me,I was watching an anime yesterday but now it says remind me and i can‚Äôt watch it the reason im posting here is because of the 150 letters in r/netflix,5,0
NetflixBestOf,t3_1crwlc3,1715704646.0,/r/NetflixBestOf/comments/1crwlc3/request_question_about_netflix/,,[REQUEST] question about netflix,"I‚Äôve never had a netflix subscription, I currently live in the UK, i wanted to know if there‚Äôs a way i can watch movies dubbed in french without using VPN",2,0
NetflixBestOf,t3_1croh8j,1715681072.0,/r/NetflixBestOf/comments/1croh8j/request_any_good_mini_drama_show_for_my_mom/,,[REQUEST] Any Good Mini Drama Show for my mom ?,"Any Good Mini Drama Show for my mom ? can be netflix or none netflix

she watched first show The Queen's Gambit and she loved it",61,43
NetflixBestOf,t3_1cr675l,1715624105.0,/r/NetflixBestOf/comments/1cr675l/request_tv_show_like_the_rookie_and_911/,,"[REQUEST] TV show like ""the rookie"" and ""9-1-1""",,10,4
NetflixBestOf,t3_1cqojm4,1715567117.0,/r/NetflixBestOf/comments/1cqojm4/request_software_engineering_show_or_computer/,,[REQUEST] : software engineering show or computer science related show,"
Doesn‚Äôt need to be from Netflix. 

I really enjoy the motivation that comes from watching shows that make you want to be like them, like after watching Suits really debated being a lawyer. 

Is there any shows like that, I‚Äôve watched mr.robot amazing show but it‚Äôs depressing and even tho I love hacking and the show was amazing. I didn‚Äôt want to exactly get out there and code. 

So is there any shows like suits or something like that for computer science major? I wish there was a show about like modern Silicon Valley. 
",18,2
NetflixBestOf,t3_1cqhzub,1715547842.0,/r/NetflixBestOf/comments/1cqhzub/discussion_on_netflix_series_unbelievable/,,[Discussion] on Netflix series unbelievable ,Did anyone finished watching unbelievable? And how is it?,19,9
NetflixBestOf,t3_1cq9iis,1715525263.0,/r/NetflixBestOf/comments/1cq9iis/request_the_horror_movie_that_scared_you_the_most/,,[Request] The horror movie that scared you the most,"I love horror movies, but the ones I've watched lately felt rather lacking in terms of scariness (from the top of my mind, the last one that genuinely gave me shivers was the 2023 movie ""Talk to me""). I should mention I prefer movies that take the time to set up a creepy atmosphere rather than jumpscarefest. I'm also not really looking for gore or brutal realism (things like ""Eden Lake"" or ""Threads"").

Since ""scary"" is very subjective, can you recommend the movie that scared you the most recently?",578,222
NetflixBestOf,t3_1cq0g5x,1715491209.0,/r/NetflixBestOf/comments/1cq0g5x/request_netflix_nation_whats_your_toprated_series/,,"[Request] Netflix Nation: What's Your Top-Rated Series
","Hey friends! I'm looking for my next Netflix obsession! What are the top ranking Netflix series you'd recommend? From sci-fi to drama, comedy to thriller - I want to know what's got you hooked! Share your favorite shows and let's get the binge-watching party started! #NetflixSeries #BingeWatching #TVAddict",257,79
NetflixBestOf,t3_1cprug8,1715463360.0,/r/NetflixBestOf/comments/1cprug8/request_looking_for_sitcom_recommendations/,,[Request] Looking for Sitcom Recommendations,"Hey everyone,I'm on the lookout for some new sitcoms to binge-watch, and I'd love your recommendations! Some of my favorites include Friends, Big Bang Theory, Young Sheldon, Schitt‚Äôs Creek, How I met your mother and The Office.

Can you suggest a few similar ones that I might enjoy? Whether they're movies or web series, I'm open to anything. 

Bonus points if they're available on Netflix or Prime. Thanks in advance for your suggestions!",76,14
NetflixBestOf,t3_1cplazk,1715444927.0,/r/NetflixBestOf/comments/1cplazk/request_similarly_movies_or_drama/,,[Request] Similarly movies or drama,"I watched 'normal people' .
 And i'm looking for drama like that. Kind of this love story i mean  the main characters are grow up, their vaules and thoughts changes. But their still love each other. (Sorry, i'm sorry that the explanation is weird because i'm not good at english.)
Could you please recommend one?",1,2
NetflixBestOf,t3_1cpjunr,1715440895.0,/r/NetflixBestOf/comments/1cpjunr/requestother_looking_for_a_good_animated_show_on/,,[REQUEST][OTHER] Looking for a Good Animated show on Prime,"I know this Breaks the Rules but there really isn't a Prime Alternative Subreddit the Only One I can find is a Dead Subreddit with 2K Members

I'm looking for a Good Animated Show I don't have a preference I just need it to have Good Story and Animation The only Shows I've watched since getting my Account is Invincible

Preferably no Anime: I'm a Big Anime fan but I'm trying to watch other Animated Shows that isn't Anime ",20,14
NetflixBestOf,t3_1cpc52f,1715413507.0,/r/NetflixBestOf/comments/1cpc52f/request_shows_that_scream_competitionivy/,,[request] shows that scream competition/ivy League/academic validation,"Idk something that's like really competitive to fight  to be the best in school like (legally Blonde) , (prettly little things), (sky castle) ",6,2
NetflixBestOf,t3_1coq42p,1715349232.0,/r/NetflixBestOf/comments/1coq42p/request_any_tv_showsmovies_where_lockpicking/,,"[REQUEST] Any TV shows/movies where lockpicking plays a main role with detail level like Mr. robot, food wars?",,5,2
NetflixBestOf,t3_1co65oj,1715284141.0,/r/NetflixBestOf/comments/1co65oj/us_dark_waters_2019_a_corporate_defense/,,[US] Dark Waters (2019): A corporate defense attorney(Mark Ruffalo) takes on an environmental lawsuit against the chemical giant DuPont. Directed by Todd Haynes.,,12,111
NetflixBestOf,t3_1co48j4,1715279329.0,/r/NetflixBestOf/comments/1co48j4/discussion_kat_williams_woke_foke/,,[Discussion] Kat Williams - Woke Foke,"Was actually pretty good, but I‚Äôve always liked him. His voice was grating, but the jokes were on point. ",73,4
NetflixBestOf,t3_1cnem2g,1715200323.0,/r/NetflixBestOf/comments/1cnem2g/request_a_good_monster_movieshow/,,[Request] A good monster movie/show,"Looking for a good creature feature... just something with a good physical monster(s) that people have to fight, run, and/or hide from.",64,43
NetflixBestOf,t3_1cn0d9h,1715160474.0,/r/NetflixBestOf/comments/1cn0d9h/request_who_plays_the_role_of_pablo_escobar_in/,,[Request] Who plays the role of Pablo Escobar in the series ?,,7,0
NetflixBestOf,t3_1cmzddd,1715156134.0,/r/NetflixBestOf/comments/1cmzddd/request_best_dystopian_dark_scifi_shows/,,[REQUEST] Best dystopian/ dark sci-fi shows,"Im looking for some shows that are similar to dark, the last of us, fallout or really anything dystopian or maybe even sci-fi, i particularly enjoyed these 3 as mentioned above, so im looking for similar shows that arent very long but have really good plots, any recommendations?",106,55
NetflixBestOf,t3_1cms7q9,1715130849.0,/r/NetflixBestOf/comments/1cms7q9/request_sitcoms_recommendation/,,[Request] sitcoms recommendation,"hello! can you suggest any sitcoms or kdramas (comedy, fast-paced) to watch? i've watched Derry Girls (superrrrrr love it), Friends, TBBT, Young Sheldon, Fresh off the boat and Modern family",39,9
NetflixBestOf,t3_1cmk67e,1715109688.0,/r/NetflixBestOf/comments/1cmk67e/discussion_the_roast_of_tom_brady/,,[Discussion] The Roast of Tom Brady,"I don‚Äôt know squat about sports, but I love a good roast. This was amazing if you like this type of thing. ",547,127
NetflixBestOf,t3_1cmk3wd,1715109531.0,/r/NetflixBestOf/comments/1cmk3wd/request_working_moms_vs_the_good_place/,,[request] Working moms vs The Good Place,Want to start one of these shows. Want something good that I can watch while multitasking. Which is better? ,20,5
NetflixBestOf,t3_1cmaxit,1715085589.0,/r/NetflixBestOf/comments/1cmaxit/request_can_you_guys_suggest_me_some_must_watch/,,[REQUEST] Can you guys suggest me some must watch Hindi movies which are on Netflix? It's ok if it's not on Netflix...,I've only watched maybe 2 or 3 Hindi movies in my life(I'm Indian btw). So please suggest me some classic movies that I should watch as a beginner...,33,0
NetflixBestOf,t3_1cm8cez,1715076554.0,/r/NetflixBestOf/comments/1cm8cez/request_i_need_a_serie_like_the_100_on_netflix/,,[Request] i need a serie like the 100 on netflix. ,Thank you to share with me a suggestion that you think is worth it ,26,11
NetflixBestOf,t3_1clvux0,1715033861.0,/r/NetflixBestOf/comments/1clvux0/request_as_someone_who_has_watched_over_50_shows/,,"[Request] As someone who has watched over 50 shows, I need some advice on what to take a look","Hey everyone, I wanted to watch something recently and went through what's out there and couldn't find anything at first glance so now I am here looking for some insight from you guys. One thing I would point out is that other than comedies, everything else flies with me, be it thrillers, mysteries, sci-fi, fantasy, you name it.

Here are the some of the shows I've watched and a + or - whether I liked them: **House** (+++), **Lucifer** (+++), **Blacklist** (+), **Breaking Bad** (+++), **BCS** (+++), **Westworld** (++), **Dexter** (++), **Sex Education** (++), **Money Heist** (---), **The 100** (+), **Lost** (--), **Walking Dead** (--), **Altered Carbon** (+), **Crown** (-), **Wire** (+), **The Deuce** (++), **Stranger Things** (++), **How to get away with Murder** (+++), **Suits** (++), **IZombie** (++), **GoT** (+), **House of the Dragon** (+), **Witcher** (+), **House of Cards** (+++), **Peaky Blinders** (+), **Orphan Black** (+++), **Vikings** (-), **You** (+++), **Hannibal** (+), **Prison Break** (++), **Wednesday** (++), **Black Mirror** (+), **From** (++), **The Expanse** (++), **Ozark** (++), **Dark** (+).

I usually avoid shows with <2 seasons, I like to get invested but not Gray's Anatomy invested. The one season shows I watched were 13 Commandments and Harper's Island but those are meant to be one season and I liked them, but it was nothing special. I've also watched Rick and Morty and Solar Opposites, but the cartoon style isn't really for me. So yea if you have any cool shows that you watched, please share them with me down below!",59,8
NetflixBestOf,t3_1clndvz,1715013019.0,/r/NetflixBestOf/comments/1clndvz/request_can_you_guys_suggest_me_movie_that_you/,,[REQUEST] Can you guys suggest me movie that you should watch atleast once in your life which is available on Netflix?,"Please don't suggest me just because of the popularit. If you think that it is worth watching, please suggest me.",172,102
NetflixBestOf,t3_1clh4pc,1714996363.0,/r/NetflixBestOf/comments/1clh4pc/discussion_homies_express_your_thoughts/,,"[Discussion] Homies, express your thoughts ","What are your thoughts on Berlin(Netflix) as web series not as a spin-off of money heist?

For me, I really like the aspect of Berlin rather than the heist. I really really when he talks in a poetic way and how he Expresses his love.

Other than that the heist aspect can be a bit better as of more can seen from the heist.

Only problem is that there is really a lot sex most it is not need. But maybe it could be a bit low.",0,0
NetflixBestOf,t3_1clfe29,1714989972.0,/r/NetflixBestOf/comments/1clfe29/request_the_best_thriller_or_biggest_plot_movies/,,[request] The best thriller or biggest plot movies on Netflix?,,4,5
NetflixBestOf,t3_1clcrn0,1714978807.0,/r/NetflixBestOf/comments/1clcrn0/request_can_you_recommend_a_gripping_crime_series/,,[Request] Can you recommend a gripping crime series on Netflix that will keep me on the edge of my seat?,"  
",89,28
NetflixBestOf,t3_1cl5i25,1714954037.0,/r/NetflixBestOf/comments/1cl5i25/request_wrong_gas_station_movies/,,[REQUEST] ‚Äúwrong gas station‚Äù movies?,"Per title, the best ‚Äúwe took a wrong turn to the wrong gas station and now we‚Äôre doomed‚Äù classic horror movies? Along the lines of The Hills Have Eyes, House of Wax, et Mac. Thanks!",24,8
NetflixBestOf,t3_1ckzs56,1714938758.0,/r/NetflixBestOf/comments/1ckzs56/request/,,[Request],"Could you guys please suggest some good period shows like pride and prejudice, cook of castamar amd easy to watch on netflix!!!!",4,6
NetflixBestOf,t3_1ckzjya,1714938171.0,/r/NetflixBestOf/comments/1ckzjya/request_interestingmindblowing_documentaries/,,[Request] interesting/mind-blowing documentaries,,11,7
NetflixBestOf,t3_1ckvfze,1714927333.0,/r/NetflixBestOf/comments/1ckvfze/request_recommend_me_more_netflix_dramas_movies/,,[request] recommend me more netflix dramas/ movies ,"here's what i watched and really love so far !! & i highly recommend!

but these days i cant seem to find good shows to watch and its hard to find shows that can keep me interested within the first episode & continue binging on nettlix or disney+ too!! ( get bored super easily and i always watch for 10-20mins and kind of judge whether its my cup of tea or not)

i love plot twist/ mind bending/ suspenseful/ nerve wracking dramas/ movies/ dating/ reality/ documentaries and interesting dramas ! pls help a sister out hehe tq so much <3

queens gambit, physical 100, the devils plan,
alice in borderland, behind her eyes, ginny and georgia, singles inferno,
itaewon class, healer, school 2017, train to busan, house of secrets, extraordinary attorney woo cecil hotel, cabinets of curiousity,
the platform (movie), triad princess, too hot to handle, parasyte, dont f with cats, squid game, get out (movie), yong pal, revenge of others, who were we running from, the haunting of hill house, wednesday, king the land, emily in paris",37,9
NetflixBestOf,t3_1ckv35l,1714926378.0,/r/NetflixBestOf/comments/1ckv35l/request_im_15_years_old_and_want_to_watcha_series/,,[REQUEST] I‚Äôm 15 years old and want to watcha series on netflix. Pls recommend me some good series that i can watch on tv,*watch a,28,0
NetflixBestOf,t3_1ckt552,1714921123.0,/r/NetflixBestOf/comments/1ckt552/request_do_you_recommend_series_for_this_sunday/,,[Request] Do you recommend series for this Sunday?,"I would like it to catch me so much that I want to watch one chapter after another!!
",21,3
NetflixBestOf,t3_1cko14u,1714904001.0,/r/NetflixBestOf/comments/1cko14u/request_could_you_suggest_a_lighthearted_comedy/,,[Request] Could you suggest a lighthearted comedy series on Netflix that will make me laugh out loud?,,341,175
NetflixBestOf,t3_1cknr5z,1714902827.0,/r/NetflixBestOf/comments/1cknr5z/discussion_the_crown_and_ozark_are_both/,,"[Discussion] ""The Crown"" and ""Ozark"" are both critically acclaimed series, but they offer very different viewing experiences. Which ond do you prefer and why?",,10,0
NetflixBestOf,t3_1cklue3,1714894452.0,/r/NetflixBestOf/comments/1cklue3/request_any_good_apocalyptic_show/,,[Request] Any good Apocalyptic show ?,"Any good Apocalyptic show ? Can be netflix or none netflix

I already watched  Dark/The walking dead/last of us",125,48
NetflixBestOf,t3_1cklmm7,1714893539.0,/r/NetflixBestOf/comments/1cklmm7/request_looking_for_a_specific_flavor_of_lgbtq/,,[Request] Looking for a specific flavor of LGBTQ+ movie,"I'm trying to find a movie to nurture my poor gay soul, but preferably one that doesn't have a lot of nudity/intimate scenes.

I just finished watching Fanfic on Netflix and LOVED, so perhaps something similar? I need something new-- where the relationship is *the* topic of the movie, not just thrown in or hinted at, is what I'm most wanting.

I do love indie movies, I'm a sucker for queer coming-of-age stories with a whimsical vibe, but I'd be down for *anything*, leaning towards the sweeter-less-tragic side. Thanks!!",12,0
NetflixBestOf,t3_1cki8pn,1714880293.0,/r/NetflixBestOf/comments/1cki8pn/request_please_recommend_spanish_language_movies/,,[Request] Please recommend Spanish language Movies and Shows,"Recently finished Entrevias ( Wrong Side of the Tracks) , and loved it,!!!
have watched Money Heist, Club de Cuervos, Intimidades(Intimacy), The Snow Girl, all superb. looking for more to start watching ‚≠ê",43,11
